{
"region0":  {
"point0": 
[627.32815,
1017.107979,
116.875
],
"point1": 
[734.909918,
1026.603411,
116.875
],
"point2": 
[878.909918,
1026.603411,
116.875
],
"point3": 
[985.254724,
1007.767743,
116.875
]
}
,
"region1":  {
"point0": 
[1233.618058,
898.566036,
116.875
],
"point1": 
[1341.206122,
889.142207,
116.875
],
"point2": 
[1448.794186,
898.566036,
116.875
]
}
,
"region2":  {
"point0": 
[1519.484216,
1010.558228,
116.875
],
"point1": 
[1626.638344,
1024.048702,
116.875
],
"point2": 
[1770.538694,
1029.404928,
116.875
],
"point3": 
[1878.399207,
1023.917681,
116.875
]
}
,
"region3":  {
"point0": 
[729.764215,
434.130544,
116.875
],
"point1": 
[622.294062,
423.445683,
116.875
],
"point2": 
[479.000525,
409.199203,
116.875
],
"point3": 
[335.0106,
407.495789,
116.875
],
"point4": 
[227.018157,
406.218229,
116.875
]
}
,
"region4":  {
"point0": 
[1209.279519,
533.478905,
116.875
],
"point1": 
[1101.489737,
540.214104,
116.875
],
"point2": 
[994.167969,
528.129481,
116.875
]
}
,
"region5":  {
"point0": 
[1849.54984,
424.187404,
116.875
],
"point1": 
[1741.960813,
414.774584,
116.875
],
"point2": 
[1597.960813,
414.774584,
116.875
],
"point3": 
[1490.371785,
424.187404,
116.875
]
}
}
