{
"region0":  {
"point0": 
[-1858.390445,
229.238349,
156.0
],
"point1": 
[-1716.597371,
254.352572,
156.0
],
"point2": 
[-1524.597371,
254.352572,
156.0
],
"point3": 
[-1385.246383,
218.057913,
156.0
]
}
,
"region1":  {
"point0": 
[-1126.616834,
80.501408,
156.0
],
"point1": 
[-982.886713,
71.689364,
156.0
],
"point2": 
[-839.710203,
87.067502,
156.0
]
}
,
"region2":  {
"point0": 
[-620.046798,
224.084948,
156.0
],
"point1": 
[-480.982139,
261.461685,
156.0
],
"point2": 
[-288.982139,
261.461685,
156.0
],
"point3": 
[-147.387091,
235.254005,
156.0
]
}
,
"region3":  {
"point0": 
[-1723.458309,
-535.611251,
156.0
],
"point1": 
[-1866.751846,
-549.857731,
156.0
],
"point2": 
[-2057.809896,
-568.853039,
156.0
],
"point3": 
[-2249.796462,
-571.124257,
156.0
],
"point4": 
[-2393.786386,
-572.827671,
156.0
]
}
,
"region4":  {
"point0": 
[-1084.104569,
-403.14677,
156.0
],
"point1": 
[-1227.824279,
-394.166504,
156.0
],
"point2": 
[-1370.919969,
-410.279335,
156.0
]
}
,
"region5":  {
"point0": 
[-230.410808,
-548.868771,
156.0
],
"point1": 
[-373.862845,
-561.419198,
156.0
],
"point2": 
[-565.862845,
-561.419198,
156.0
],
"point3": 
[-709.314881,
-548.868771,
156.0
]
}
}
