{  
   "face0":{  
      "point0":[  
         -15.467771,
         -633.94018,
         0.0
      ],
      "point1":[  
         -15.467771,
         -633.94018,
         168.0
      ],
      "point2":[  
         -2320.123153,
         -645.900795,
         5.1161e-10
      ],
      "point3":[  
         -2320.123153,
         -645.900795,
         168.0
      ]
   },
   "face1":{  
      "point0":[  
         -2036.853638,
         329.725601,
         5.1306e-10
      ],
      "point1":[  
         10.371137,
         329.725601,
         0.0
      ],
      "point2":[  
         10.371137,
         329.725601,
         168.0
      ],
      "point3":[  
         -2036.853638,
         329.725601,
         168.0
      ]
   },
   "face2":{  
      "point0":[  
         -15.467771,
         -633.94018,
         0.0
      ],
      "point1":[  
         10.371137,
         329.725601,
         0.0
      ],
      "point2":[  
         -2036.853638,
         329.725601,
         6.7308e-10
      ],
      "point3":[  
         -2320.123153,
         -645.900795,
         6.7119e-10
      ]
   },
   "face3":{  
      "point0":[  
         -2036.853638,
         329.725601,
         168.0
      ],
      "point1":[  
         -2320.123153,
         -645.900795,
         168.0
      ],
      "point2":[  
         -1176.442793,
         329.725601,
         168.0
      ],
      "point3":[  
         -1453.067502,
         -641.400982,
         168.0
      ]
   },
   "face4":{  
      "point0":[  
         -15.467771,
         -633.94018,
         168.0
      ],
      "point1":[  
         10.371137,
         329.725601,
         168.0
      ],
      "point2":[  
         -1323.43879,
         -640.728239,
         168.0
      ],
      "point3":[  
         -1048.619452,
         329.725601,
         168.0
      ]
   }
}