{
"region0":  {
"ring0": 
{"point0": 
[-1949.679872,
228.063077,
141.892324
],
"point1": 
[-1944.464903,
211.214031,
147.428699
],
"point2": 
[-1943.174632,
193.627832,
141.993504
]
}
,"ring1": 
{"point0": 
[-1922.994422,
234.041306,
141.574894
],
"point1": 
[-1917.368835,
216.721992,
147.302973
],
"point2": 
[-1915.808667,
198.581949,
141.636064
]
}
,"ring2": 
{"point0": 
[-1896.804334,
241.422646,
140.869331
],
"point1": 
[-1890.448832,
222.728029,
147.049296
],
"point2": 
[-1888.558111,
203.084339,
140.688399
]
}
,"ring3": 
{"point0": 
[-1870.877852,
249.376625,
140.087093
],
"point1": 
[-1863.729836,
229.139192,
146.62346
],
"point2": 
[-1861.509151,
207.891056,
139.344955
]
}
,"ring4": 
{"point0": 
[-1846.59368,
257.099265,
139.439384
],
"point1": 
[-1838.782732,
235.340628,
146.053477
],
"point2": 
[-1836.382752,
212.794448,
137.71331
]
}
,"ring5": 
{"point0": 
[-1824.46381,
264.111636,
139.033999
],
"point1": 
[-1816.189747,
240.764074,
145.373181
],
"point2": 
[-1813.873334,
217.451251,
135.865179
]
}
,"ring6": 
{"point0": 
[-1802.07617,
270.696145,
138.889613
],
"point1": 
[-1793.519216,
245.565057,
144.55487
],
"point2": 
[-1791.570029,
222.234424,
133.857667
]
}
,"ring7": 
{"point0": 
[-1779.381079,
276.686226,
138.9441
],
"point1": 
[-1770.713229,
249.422201,
143.523844
],
"point2": 
[-1769.408944,
226.927217,
131.734484
]
}
,"ring8": 
{"point0": 
[-1756.37601,
281.981268,
139.088057
],
"point1": 
[-1747.789897,
252.194297,
142.183496
],
"point2": 
[-1747.33975,
231.368629,
129.54429
]
}
,"ring9": 
{"point0": 
[-1733.057425,
286.311277,
139.149449
],
"point1": 
[-1724.79556,
253.731212,
140.435276
],
"point2": 
[-1725.289231,
235.218263,
127.301072
]
}
,"ring10": 
{"point0": 
[-1707.250773,
289.940754,
138.964171
],
"point1": 
[-1699.678466,
254.554103,
138.263315
],
"point2": 
[-1701.102954,
238.669142,
125.009032
]
}
,"ring11": 
{"point0": 
[-1683.157185,
292.400921,
138.545936
],
"point1": 
[-1676.556587,
254.516085,
135.996725
],
"point2": 
[-1678.74554,
241.055938,
122.873749
]
}
,"ring12": 
{"point0": 
[-1658.719338,
294.372578,
138.00085
],
"point1": 
[-1653.395742,
254.597484,
134.049639
],
"point2": 
[-1656.183497,
242.918008,
121.105334
]
}
,"ring13": 
{"point0": 
[-1633.918095,
296.157872,
137.458489
],
"point1": 
[-1630.112268,
255.068483,
132.756798
],
"point2": 
[-1633.413599,
244.223513,
119.791497
]
}
,"ring14": 
{"point0": 
[-1608.668389,
298.038938,
137.069116
],
"point1": 
[-1606.572864,
256.043025,
132.364436
],
"point2": 
[-1610.44729,
244.923821,
118.999403
]
}
,"ring15": 
{"point0": 
[-1582.793273,
300.27872,
137.013552
],
"point1": 
[-1582.569741,
257.763397,
133.146185
],
"point2": 
[-1587.25939,
245.119728,
118.938338
]
}
,"ring16": 
{"point0": 
[-1556.09251,
302.805714,
137.280565
],
"point1": 
[-1557.891454,
260.090833,
135.065619
],
"point2": 
[-1563.865816,
244.682518,
119.639059
]
}
,"ring17": 
{"point0": 
[-1528.535773,
304.719461,
137.547968
],
"point1": 
[-1532.521321,
262.005533,
137.643642
],
"point2": 
[-1540.47653,
242.833292,
120.819407
]
}
,"ring18": 
{"point0": 
[-1497.361464,
305.145377,
137.611885
],
"point1": 
[-1504.083098,
262.32461,
140.539697
],
"point2": 
[-1515.144907,
238.714502,
122.271949
]
}
,"ring19": 
{"point0": 
[-1468.446968,
304.498277,
137.51874
],
"point1": 
[-1477.596621,
261.610825,
143.303154
],
"point2": 
[-1492.201971,
233.824333,
124.000419
]
}
,"ring20": 
{"point0": 
[-1440.156216,
302.440625,
137.178653
],
"point1": 
[-1451.338204,
259.337703,
145.669384
],
"point2": 
[-1469.500236,
227.933012,
125.765502
]
}
,"ring21": 
{"point0": 
[-1413.167775,
298.050648,
136.526104
],
"point1": 
[-1426.0458,
254.730137,
147.405284
],
"point2": 
[-1447.392221,
220.590715,
127.370347
]
}
,"ring22": 
{"point0": 
[-1388.042007,
290.713892,
135.715836
],
"point1": 
[-1402.283276,
247.378994,
148.547786
],
"point2": 
[-1426.146772,
211.545845,
128.835576
]
}
,"ring23": 
{"point0": 
[-1364.952091,
280.504,
135.02281
],
"point1": 
[-1380.219945,
237.470444,
149.307242
],
"point2": 
[-1405.795807,
200.958084,
130.278069
]
}
,"ring24": 
{"point0": 
[-1341.050118,
267.599726,
134.81015
],
"point1": 
[-1357.074405,
225.385065,
149.973402
],
"point2": 
[-1383.57916,
189.22206,
131.910611
]
}
,"ring25": 
{"point0": 
[-1316.989731,
252.581542,
135.239563
],
"point1": 
[-1333.300612,
211.940649,
150.576073
],
"point2": 
[-1359.783644,
177.106073,
133.733725
]
}
,"ring26": 
{"point0": 
[-1294.059876,
236.592499,
136.215138
],
"point1": 
[-1310.098127,
198.260561,
151.031988
],
"point2": 
[-1335.661234,
165.47791,
135.562054
]
}
,"ring27": 
{"point0": 
[-1271.92375,
220.071856,
137.499579
],
"point1": 
[-1287.207392,
184.611716,
151.247013
],
"point2": 
[-1311.183319,
154.325762,
137.201704
]
}

}
,
"region1":  {
"ring0": 
{"point0": 
[-1219.296799,
98.925261,
137.238493
],
"point1": 
[-1204.741835,
135.477104,
152.610347
],
"point2": 
[-1180.587476,
166.511706,
137.562237
]
}
,"ring1": 
{"point0": 
[-1198.279194,
85.296437,
136.492778
],
"point1": 
[-1183.871545,
123.215855,
152.145738
],
"point2": 
[-1159.379983,
155.503043,
136.065215
]
}
,"ring2": 
{"point0": 
[-1176.690893,
71.95052,
136.206166
],
"point1": 
[-1162.518379,
111.265509,
151.516661
],
"point2": 
[-1138.033628,
144.515502,
134.001883
]
}
,"ring3": 
{"point0": 
[-1154.026204,
59.632396,
136.578085
],
"point1": 
[-1140.076733,
100.379411,
150.649341
],
"point2": 
[-1116.3918,
133.530002,
131.564226
]
}
,"ring4": 
{"point0": 
[-1131.523421,
49.481463,
137.560641
],
"point1": 
[-1117.47183,
92.031745,
149.505937
],
"point2": 
[-1095.457804,
123.424957,
129.050438
]
}
,"ring5": 
{"point0": 
[-1109.572304,
42.549704,
138.677611
],
"point1": 
[-1095.067094,
87.507449,
147.787305
],
"point2": 
[-1075.464761,
115.516504,
126.530391
]
}
,"ring6": 
{"point0": 
[-1085.928516,
38.269411,
139.349805
],
"point1": 
[-1071.079697,
85.872043,
145.075147
],
"point2": 
[-1054.504045,
109.328378,
123.949657
]
}
,"ring7": 
{"point0": 
[-1060.906132,
36.210184,
139.285402
],
"point1": 
[-1046.304599,
86.015037,
141.528013
],
"point2": 
[-1032.874537,
104.654602,
121.465886
]
}
,"ring8": 
{"point0": 
[-1035.011749,
35.590316,
138.555901
],
"point1": 
[-1021.641314,
86.504132,
137.827255
],
"point2": 
[-1010.964394,
101.069327,
119.386712
]
}
,"ring9": 
{"point0": 
[-1008.800324,
35.363232,
137.598022
],
"point1": 
[-997.795971,
85.912362,
134.979319
],
"point2": 
[-989.170781,
97.953756,
118.175736
]
}
,"ring10": 
{"point0": 
[-979.626525,
34.7044,
136.863386
],
"point1": 
[-972.371821,
83.177494,
133.70303
],
"point2": 
[-965.257542,
94.62923,
118.234965
]
}
,"ring11": 
{"point0": 
[-953.052374,
34.204658,
136.54755
],
"point1": 
[-949.871032,
79.409927,
134.367815
],
"point2": 
[-943.756057,
92.511621,
119.488438
]
}
,"ring12": 
{"point0": 
[-925.97186,
34.126182,
136.526212
],
"point1": 
[-927.059166,
75.064533,
136.385833
],
"point2": 
[-922.179694,
91.530047,
121.727258
]
}
,"ring13": 
{"point0": 
[-898.362326,
34.03597,
136.83211
],
"point1": 
[-903.422111,
70.273783,
139.199019
],
"point2": 
[-900.547313,
90.892752,
124.842175
]
}
,"ring14": 
{"point0": 
[-870.259641,
34.979513,
137.067835
],
"point1": 
[-878.680281,
66.753068,
141.809592
],
"point2": 
[-878.710235,
91.019293,
128.217906
]
}
,